Depression,Alcohol,Suicide,Drugs,ID
0.25296297878056573,0.6965345529006159,0.011556864721030024,0.03894560359778651,02V56KMO
6.634269841933128e-05,0.999830008311309,3.976754770751188e-06,9.967223550058646e-05,03BMGTOK
3.541298318789032e-05,0.9998831412701059,2.4323951702895264e-05,5.7121795003883265e-05,03LZVFM6
0.00011364730706960093,0.9997336185786948,2.6922771954107514e-05,0.000125811342283269,0EPULUM5
0.17826880043855264,0.46862575944586016,0.2966447541317552,0.05646068598383214,0GM4C5GD
0.1076867224784102,0.849247405819766,0.008959700529278478,0.03410617117254543,0IYM8BYT
0.05795194847252011,0.9140503261644959,0.009643382052156972,0.018354343310825184,0JFJVD28
0.002576860741870032,0.995770139915835,0.00042879753457885473,0.001224201807715693,0OZGUFOF
0.992348296622758,0.003102386241102804,0.003142146022197078,0.0014071711139423755,0WP999ZX
0.7532239560471607,0.09693967606579207,0.07069107054611828,0.07914529734092773,0ZA45Y5F
0.05899334193162757,0.9269357602016007,0.007409018440180706,0.006661879426590941,13V2N1XF
0.9012056561969779,0.08644969822152115,0.0028431906783366323,0.009501454903163366,16THDEEP
0.03135267032568878,0.9264677339560935,0.0066424653463870555,0.03553713037182924,1AU3C3HI
0.17839385621073336,0.7509279438985818,0.023315664260153083,0.047362535630531354,1D7TE9IY
0.9999916706467508,2.2357702959601713e-06,4.502347133037969e-06,1.5912358238559195e-06,1MHNW745
0.05795194847252011,0.9140503261644959,0.009643382052156972,0.018354343310825184,1TZY1GIP
0.06782642905560764,0.8344415082088115,0.03659124117359978,0.06114082156197999,1ZTKVYXC
0.16941962650915035,0.15095250247560343,0.6625107243615874,0.017117146653657465,22L09P4C
0.15986601526085586,0.5139560990197761,0.15918742934493257,0.1669904563744366,23C43VXB
0.2832034071422561,0.40052925534897776,0.11711809798573856,0.19914923952302752,255YNCPV
5.9723713566072126e-05,0.999753898822806,1.892922629007752e-05,0.00016744823733916693,25NGSGR3
0.02151248505093629,0.9711952131480092,0.0003255497059310008,0.006966752095122796,289054IS
0.7841876636860692,0.20207702102578454,0.008003768342374745,0.005731546945771269,28AM1F1Y
0.22041763341067291,0.5823665893271461,0.08352668213457079,0.11368909512761023,2EC4OIPR
0.04546196045703196,0.025296311451505554,0.008705574485088456,0.920536153606373,2FCIOIC1
0.004496978504834952,0.9740684210514983,0.017911560423546257,0.0035230400201212873,2L8WA7A4
2.415782774726304e-06,0.9999712133970994,1.559758471401219e-05,1.07732354109737e-05,2Q7GS1WB
0.5415975754152986,0.2865571263957424,0.014575639114591393,0.15726965907436846,2SFRZEYJ
0.004812581877915609,0.9926418558816729,0.0006289933166612391,0.0019165689237501356,2ZODHMOB
0.32754329798679116,0.4673183901852955,0.03869288667596275,0.16644542515195054,30F40YH4
0.03691576317623608,0.9346140117839947,0.00918976655661071,0.019280458483159815,36UOSKA4
0.16748970856885917,0.3233380582760399,0.1571913201795279,0.35198091297557327,370FVIAF
0.032313428483562605,0.9507954087774365,0.0011805837724779022,0.01571057896652326,3B7S1S6B
1.4382258279683636e-05,0.9999763262460529,2.1689579991902636e-06,7.1225376658194905e-06,3H1OFXL7
0.0015186651750133298,0.9981015691966602,6.845716939144352e-05,0.00031130845893570936,3NMNSYA4
0.46481824763531127,0.1774501297475352,0.3426324726393136,0.015099149977840783,3PLATXLT
0.08110394683555033,0.889072601920019,0.020834587897005343,0.008988863347424809,3SS0AHGQ
0.08183408711783811,0.6453663422283636,0.013617443205400002,0.2591821274483995,427XJQBB
0.000496625212857703,0.9987300350295877,0.00021043284238832596,0.0005629069151663733,44XZ10QC
0.08467762345005905,0.0009503580609354943,0.9124595582042208,0.0019124602847838633,4DL9UOQL
1.1241980763192275e-07,0.9994997537192043,3.5544355662999367e-07,0.0004997784174288067,57VMVY5S
0.009332993775162099,0.9851570939433323,0.0010202251829756787,0.0044896870985299065,5AP5IX9B
0.9895625098863332,0.002981481569338894,0.005332171871884274,0.0021238366724431602,5G7R1F52
0.0008112872250807547,0.9989437617148708,4.656128655647661e-05,0.00019838977349323188,5JK5HYM9
0.9902952282796014,0.005203849641917294,0.0028562934615059096,0.001644628616976183,5NEYXWJK
0.030277128913662427,0.9550953950057655,0.005038207157008785,0.009589268923563179,62MJYMB4
0.12207513762138433,0.7897977327688434,0.036125404832486795,0.052001724777286505,64MWIS95
0.03425820513272329,0.9612693537387578,0.00046620598683231804,0.004006235141687633,6HICH3FC
0.17839385621073336,0.7509279438985818,0.023315664260153083,0.047362535630531354,6JTLBUO2
0.025382788361662956,0.9738580905074423,4.230420886952477e-05,0.0007168169220261406,6LTXVB46
0.27895521971842324,0.5385220243017256,0.07556743646971532,0.10695531951013698,6O5GQX0Z
0.004812581877915609,0.9926418558816729,0.0006289933166612391,0.0019165689237501356,6T33I7B8
4.164838913911539e-07,0.9999988487876071,1.5498704444377833e-07,5.797414567552758e-07,6TSGOG4R
0.0032978825853495005,0.9940270900283189,0.0001976837032128378,0.002477343683117789,6UFUYHR7
0.927741054241114,0.050313922446212675,0.009998104625820856,0.011946918686852945,6V2783JI
0.01911578715283636,0.9770989363169623,0.001767180910711524,0.0020180956194894998,6X7DK2U3
0.21448460948246104,0.7564399837570837,0.010606945701177454,0.01846846105927745,728CHZ04
0.009766205773086477,0.006728046179130081,0.004167750427759801,0.9793379976200239,72NC368J
0.21448460948246104,0.7564399837570837,0.010606945701177454,0.01846846105927745,74N1XY6J
0.9974554234692584,0.00031448852221168685,0.0018987840323515567,0.000331303976177996,7BRH6PT9
0.9985238857591467,4.3690769198201265e-05,0.0013445020193754195,8.792145227975235e-05,7BURQ08H
0.988757316610896,0.0010195086026459769,0.006999940438099681,0.0032232343483580375,7CGD8W08
2.43633992656167e-05,0.9999609245720156,2.7965218226709115e-06,1.1915506894243925e-05,7ERDSQ4Q
0.06695758257597338,0.8793727637647731,0.028371645369825945,0.025298008289427475,7GV9GMHR
0.11722198701692106,0.7247284840904886,0.07200701969713645,0.08604250919545452,7HYJWJTB
0.04425312614008194,0.9495373666408884,0.0010649228136550802,0.005144584405374202,7IMGIR6F
0.09519516809659369,0.8751574413520562,0.008067326944167995,0.021580063607181968,7MFR419R
0.00043307030848017947,0.999029950576582,3.164478685966626e-05,0.0005053343280781594,7NDP01F0
0.13639346251319917,0.7170911544415784,0.002521810076373537,0.14399357296884796,7U5FD20H
0.000354887736337627,0.9991676721895453,7.51875188299025e-05,0.0004022525552874622,82MKUDEC
0.10793498967527479,0.667311341825257,0.06630221108976618,0.15845145740970143,8B9ADEWI
0.2548645166827875,0.6864979096219538,0.010669542482941143,0.047968031212316666,8BFV4VOX
0.29383438030823167,0.6699669370477808,0.011528255975574019,0.024670426668413206,8P6YOLMS
0.3011890456768904,0.03608561179575691,0.6437178019871241,0.019007540540227637,8Q25BIL1
0.0020439626527996736,0.9965811382163988,0.0002165198522086809,0.0011583792785933391,8SSR9UYN
0.009486592596537714,0.9579687175448277,0.01165483161207622,0.020889858246558347,8YXQSEHH
0.5650508208902913,0.08888226758509113,0.3240769364595512,0.021989975065066683,8Z4UTZVE
0.20592125042103365,0.6635008874250637,0.09522096211721917,0.03535690003668228,96Q2X9PY
0.0037117822416511074,0.9955944970194484,6.53305030259835e-05,0.0006283902358730851,9CZ5DDHT
0.45762075205820096,0.5035457386910877,0.02201091182411819,0.01682259742659254,9JW2PGV8
0.12845007729597027,0.8496643320967905,0.0023983039871425535,0.01948728662009629,9L13GJIT
0.04638052381390066,0.8946574311365713,0.005131516848697037,0.05383052820083153,9OTMSDU9
0.05439443513071778,0.9405509594987004,0.0012458550011118221,0.0038087503694683063,9VW7CPBV
0.9983760219542149,0.0010312159392310127,0.00016804347122142187,0.0004247186353325845,9YVCQS7J
0.05458630769531966,0.9386538419529169,0.0015179370469022091,0.00524191330486132,A08XVOJ9
0.004121832026412445,0.9951290826873491,0.00018580063458208752,0.0005632846516560389,A1QFJ71D
0.21441883134729048,0.00012383534882523067,0.7848049437201202,0.0006523895837648031,A54FELHT
0.9748195611716546,0.011005171732988261,0.0066877275549248145,0.007487539540433576,A8F3BDON
0.0063187223442753866,0.9766423054435974,0.0077629184743182285,0.009276053737808739,AFY1KE95
0.2593181084523095,0.46857344351130753,0.03945119307220449,0.23265725496417952,AHNC9LX3
0.2677383562685231,0.5517668314885801,0.08223304170199544,0.0982617705409007,AJ95VZJW
0.23031246166689792,0.18510890848316572,0.3440022758342363,0.24057635401570163,ANDTOXCS
0.08247534864588017,0.8491640253294647,0.03225175506475664,0.036108870959899474,AYR375LB
0.0839206326082085,0.8093938081625701,0.009284934812514325,0.09740062441670555,AYUG2VBI
0.16941962650915035,0.15095250247560343,0.6625107243615874,0.017117146653657465,BIAU48IL
0.09663938673367016,0.7972723974110225,0.04662582096778521,0.059462394887521725,BKOSUA7B
0.0015399065694425196,0.9980791021281433,8.288487041018059e-05,0.00029810643200276496,BKZ07QBO
0.011588205328327416,0.9751603015919816,0.004745595091649395,0.00850589798804127,BPHRVS1H
0.21373026946717977,0.4404646208361401,0.15754805167575875,0.18825705802092133,BQ3RI60R
0.065369167161773,0.862870254149418,0.03153880822213596,0.040221770466673405,BU07VJUX
0.007928326595987144,0.9911893614777499,9.229218023277123e-05,0.0007900197460309006,BUUPSFJ1
0.23796613488749951,0.45939245251206096,0.024814931563131488,0.2778264810373084,BUXSYAXO
0.12129395367097717,0.02437188071277223,0.6642850237214675,0.1900491418947849,C41T92F7
0.04499145321036656,0.5806932950085896,0.03259402713257653,0.3417212246484674,C8631YTB
0.10415122184877415,0.8549045556445657,0.014710514813736303,0.026233707692923304,CCI1EP67
0.16630452638490917,0.5488031864962383,0.08023731664114012,0.20465497047771233,CL6VO0ZL
0.2062333398370443,0.6805678505849846,0.04975093026682147,0.0634478793111494,CMSUI7KZ
0.0010970358363182225,0.9970212194437805,0.000673886214391059,0.0012078585055105093,CQ2F9IGN
0.996801594532099,0.0019261032244961224,0.0005992088164778783,0.0006730934269274836,CR5KBERA
0.16941962650915035,0.15095250247560343,0.6625107243615874,0.017117146653657465,CVXS5L3C
0.0018960705328574443,0.9977109868560241,6.713020314580639e-05,0.000325812407972505,CVZ52G5M
0.0015484341062422856,0.996465010075256,3.6450625116117776e-05,0.0019501051933838304,DCK8JTB2
0.002933965724733681,0.9918296835888702,0.0005038098612571547,0.004732540825139145,DE19DTOL
0.28811178060636555,0.6345586979149801,0.018140475166177478,0.05918904631247757,DG908K5U
0.026621399410557176,0.017830335621431458,0.021206719293360342,0.9343415456746496,DGDIRALY
0.9936220235016989,0.003399903879394176,0.0012505564965277108,0.0017275161223791813,DI4P2QQX
0.12848855029377085,0.13239739211488177,0.0789278343364417,0.6601862232549054,DKVGD1IJ
0.9955523434167961,0.0016335280613198363,0.001827955729826917,0.0009861727920565937,DODZ41OP
0.006859345125855546,0.9917361849345705,0.00016305943956210025,0.001241410500011919,DPJ4OEC9
0.02417444200788174,0.07754724653544218,0.001631883216918917,0.8966464282397549,DT2E8Z0Y
0.21695438332906625,0.6105692002710111,0.07879640369876666,0.09368001270115536,DWV43DRV
0.014991863307969599,0.972441736563047,0.00469002106749723,0.00787637906148528,DYI2P5P3
0.0313276629004223,0.8639699869239138,0.042002040701350545,0.06270030947431421,DYVKY1ON
0.26878715478576237,0.18680134046299454,0.19659500156282303,0.3478165031884204,E0VNIWL4
0.9976977520396697,0.0007366717365011459,0.0008243527329740565,0.0007412234908568995,E41VQ01H
0.006859345125855546,0.9917361849345705,0.00016305943956210025,0.001241410500011919,E5KD22KF
0.2718187956541203,0.10923438576570678,0.40599750288274694,0.21294931569742584,E6RVMA41
0.9973682925412642,0.00179389360069303,0.0004541166259074592,0.0003836972321332518,EE5FDBNM
0.0019346914249108711,0.9968242466888344,0.00032193858973170495,0.0009191232965228647,EIDANND5
0.00046004614652285015,0.9991817642507282,9.746667681805576e-05,0.00026072292592961305,EY6IC0E4
0.9719703865038286,0.00877840490602959,0.0013336361713094378,0.01791757241883183,F33BM4FZ
0.9922255882049374,0.004843001585504658,0.0008333450336195739,0.002098065175937458,F49KVD16
0.015247963301704482,0.9824654220608784,0.0005398527408474735,0.0017467618965692545,F4M78KUC
0.013130682145170346,0.5260521800611746,0.005028825431443553,0.4557883123622099,F7AI3ZLC
0.16475188852648953,0.6756255944104222,0.011110116238642675,0.14851240082444692,FFO4UILJ
6.214721079033629e-05,0.9998410777812548,2.6333367445973825e-05,7.044164050971383e-05,FHJ1IH58
0.22919637755182828,0.37817281666379293,0.11058088867686465,0.2820499171075141,FKJB1707
0.7819769374419889,0.00497548987210197,0.21135412410068757,0.0016934485852217705,FPVU61TO
0.9603503112302711,0.0036465453399759586,0.02638437455594853,0.009618768873804119,FRZBEQH7
0.12718282178689555,0.6133234775501948,0.12664296676222914,0.13285073390068197,FUOOXD1M
0.013333787211678485,0.9836324187109038,0.00030052487697669237,0.0027332692004396982,FV80RL12
0.1985203784368841,0.6551151591535228,0.010642285644837941,0.13572217676475512,G1QBYL4O
0.9798291314927091,0.011061727001150283,0.0007468995109807068,0.008362241995160646,GC265VS9
0.004812581877915609,0.9926418558816729,0.0006289933166612391,0.0019165689237501356,GFM2D42Q
0.12260423867077212,0.805097974429263,0.025975280517764966,0.04632250638219892,GGNQOSTW
0.1852619119447587,0.6113623592923147,0.08938372883399459,0.11399199992893157,GGX9MUZS
0.03744427710417882,0.9466499781157837,0.0031732201500072207,0.01273252463002966,GHKPUMG2
0.9749010346071436,0.016241639831216705,0.007815144646429642,0.0010421809152118377,GIBCN23O
0.8854734982771887,0.06843083392880205,0.013598197158723714,0.03249747063528635,GNTLJ0E7
0.2766357894848958,0.30902031615580705,0.000876963760529515,0.4134669305987609,GT67A35X
0.0018960705328574443,0.9977109868560241,6.713020314580639e-05,0.000325812407972505,GTF1GHCS
0.972412053194551,0.021955984608620936,0.0014824913113091309,0.0041494708855185644,GW73P4MY
0.24577529596463213,0.7067150984247763,0.024243899392749336,0.02326570621784392,GX06HFUO
0.0005277098559463312,0.9983664547542812,0.0004127189347768636,0.0006931164549948833,H4ATKPDS
0.4633074789524222,0.2652233812116772,0.15811117394413726,0.11335796589176336,H4L5M9EC
0.277236497689279,0.08690107961017311,0.22374837484169405,0.4121140478588542,HB2GBCNY
0.025524378839153775,0.963297949880536,0.007553368659898735,0.0036243026204115965,HFHX9FY3
0.9856673255339987,0.0017713995070294918,0.010695160113344275,0.0018661148456272775,HNOBGMQR
0.07423344230318046,0.8924037592359267,0.015200018011807944,0.018162780449085432,HORZOP1I
0.0061648740079341055,0.9918215466295571,7.256153505189678e-05,0.001941017827456095,HT3X6CBT
0.9712275316651291,0.018259746696647355,0.00339335068812996,0.007119370950095313,HZ481ZV9
0.32498235394257424,0.13049446538087067,0.004577868581654022,0.5399453120949009,I4QJFX7S
0.999534272620788,2.3489916159736415e-05,0.00032012300768418723,0.00012211445536901985,I7C5YIBV
0.8855170524592876,0.07889936827734088,0.026636844127912562,0.008946735135460529,I8XKEO6Q
0.37087351438786786,0.40912542553155895,0.01381229080357517,0.20618876927699809,ICAT0M7H
0.1428330725050237,0.8324847827563002,0.007179981579288159,0.017502163159388105,IJ2CEKCQ
0.0004965207285894808,0.9985199136459769,0.00042077713944718346,0.0005627884859856035,IJHBPXRO
0.07719804215620406,0.7948290161995057,0.060376158160685145,0.06759678348360643,IRVOJF0A
0.007604274659408471,0.023152406970377806,3.296018277628788e-05,0.9692103581874403,ITPITEXJ
0.04087138610908552,0.9393569654566108,0.004329563687370592,0.015442084746934473,IV09XHLO
0.003663982956042761,0.9902621495737104,0.002865580632271439,0.003208286837975753,IZ0BUDDN
0.9872734055024531,0.01092760323320519,0.0009983088524431565,0.000800682411899295,J4VYS10W
0.1759613111471109,0.8169641045545857,0.0015253543655574118,0.005549229932745508,J89G2EAB
0.9972845373781702,0.0013904282083689642,0.0004210351992481978,0.0009039992142117767,JGI2B1K2
0.9925320558798258,0.001392429312506902,0.004674481939635811,0.0014010328680313542,JJSOMO3W
0.5619461006123154,0.1952702779751554,0.19789654479445126,0.044887076618078184,JTTTLHQZ
0.13611672522771928,0.3351861065986134,0.014419037054843839,0.5142781311188223,JY50ZNP9
0.12398312616481516,0.8356963634213135,0.012727322566329684,0.02759318784754146,K0732B8A
0.9995745378330939,0.00034973472192269874,2.039351858573624e-05,5.533392639958724e-05,K1N9Q5UD
0.1356102963292352,0.7129736437293357,0.022565969431194446,0.12885009051023333,K4YUOEO3
0.0005653374524919448,0.9982499771468382,0.0004421472681489404,0.0007425381325205079,K6LT8NSF
0.04061234131819567,0.07137677706652967,0.009389866772478744,0.8786210148427959,K7PGBHJ1
0.003663982956042761,0.9902621495737104,0.002865580632271439,0.003208286837975753,K83YUYRB
0.9979468155493793,0.0013265502227500572,0.0005231008009289493,0.00020353342694126472,KCCMSUEO
0.9826180565780138,0.0035628228794973133,0.0014713490548581246,0.012347771487632286,KFXWZ5UZ
0.17952356575490597,0.5941189034782764,0.026743691313672383,0.1996138394531469,KO185AS3
0.06997982384375843,0.883715499226087,0.009146201065345643,0.03715847586480832,KOHTZ87Y
0.7883415851735597,0.19579865571285668,0.0024037331633725506,0.013456025950212155,KRK4V810
0.15805574507242315,0.0609763865863024,0.7086752523789275,0.07229261596235033,KXANZF15
0.5855989344056615,0.0032861613559329937,0.40450197239624625,0.006612931842159554,L21RGZEA
0.0970801782908135,0.35773695507292147,0.5300366143770292,0.015146252259239063,LA7HU1TD
0.054056346705393304,0.9101753198988827,0.007065039445218018,0.028703293950506588,LDQPDSEQ
6.643089865272795e-07,0.9999987301142105,3.111698761069038e-09,6.024651047383168e-07,LDXD2SH6
0.31408662534498666,0.5597009398126871,0.09447899911968219,0.03173343572264417,LFTDM9RL
0.2121245740382065,0.7499289842288015,0.019980664290294655,0.017965777442698297,LILA0SH7
0.018640077697701582,0.979900336889722,0.000484446306455512,0.0009751391061221754,LNMBLTH4
0.9716215129774525,0.027071294759732398,0.001044527475788035,0.0002626647870271372,LREDNA2Z
0.5724110457338668,0.3343846301045618,0.052917196922817517,0.04028712723875507,LU8M98TQ
0.47266301541006367,0.3879760198545554,0.05006986115960445,0.0892911035757761,LURBO1AA
0.00043099600096242687,0.9992925295685233,7.171905707714655e-05,0.0002047553734368814,M1H2TZHZ
0.880946328525328,0.10293848790561606,0.0033738729272754886,0.012741310641780856,MGGGVEEK
0.9937730854918316,0.002480550107505175,0.0016632268892131385,0.002083137511449027,MHZNTK7J
0.0003108461433104279,0.9993951509906608,8.384818688029477e-05,0.0002101546791493801,MOR6QVHM
0.02759977333345442,0.09061889640348991,0.005847365982903117,0.8759339642801541,MZ0W3E21
0.0038571335451939924,0.9936686003411,0.0006418388575861971,0.001832427256119641,N0M5HFZ4
0.9583340442993952,0.03577096023971218,0.0008883218155051509,0.005006673645390216,N3RP8SW2
0.1852619119447587,0.6113623592923147,0.08938372883399459,0.11399199992893157,N4MHVE6D
0.9209722798344605,0.04257683081254311,0.012290484510611528,0.02416040484238472,N6AYNOKV
8.455272406970784e-05,0.9998256555805429,1.791357909043827e-05,7.187811629787823e-05,N82L56BF
0.024422770668278786,0.009193873421546834,0.0077407134454068206,0.9586426424647679,N9K4UUS4
0.004928820410826272,0.9904094285650299,0.0013295087096951784,0.0033322423144484374,NAF8DOAZ
0.9689229985181473,0.017515777123704446,0.010441915305206287,0.0031193090529411894,NAFC0V61
0.05014303071684723,0.9226976933122688,0.0033375816703377337,0.023821694300546627,NBH3E9YH
0.7598647495819507,0.0028852817864455757,0.2296392422996508,0.007610726331953279,NE6LYAT9
0.12398312616481516,0.8356963634213135,0.012727322566329684,0.02759318784754146,NKILW1NP
0.0423656882193871,0.7974213495188456,0.10742127725898494,0.05279168500278244,O7K8KU2O
0.9641749878255259,0.007256666939071464,0.008819600933598957,0.019748744301803307,OHRCIS8J
0.9999972643061926,9.539339956061711e-07,1.4674398665566522e-06,3.1431994563186766e-07,OKHQWFS5
0.0012911610863056097,0.9978805875488533,0.0002148531667063316,0.0006133981981348403,OMAPSLZT
0.006521933970755628,0.9829002213582474,0.0017592379708399476,0.008818606700156632,OOY8GDRH
0.1345845405524548,0.856636240889602,0.002153433276135621,0.006625785281806759,OPZP8AD6
0.10621023112240495,0.8765179853603006,0.004257135086823221,0.013014648430471055,OQ3TLQ4J
0.021392428620449374,0.3094870485745941,0.025561948590343983,0.6435585742146129,OUREQSFZ
0.004812581877915609,0.9926418558816729,0.0006289933166612391,0.0019165689237501356,OWAUAIR6
0.026621399410557176,0.017830335621431458,0.021206719293360342,0.9343415456746496,OWJE6CPQ
0.9915337865357718,0.0027362801241121197,0.005235888019207408,0.0004940453209084404,P6Y2IXU4
0.9063304924399105,0.06653897733174993,0.02092404590495894,0.0062064843233801455,PCRO6970
0.0003103168197262346,0.99929156038646,0.00010327534202752145,0.0002948474517856588,PCRSZ9UV
0.2098454709612615,0.648687989058984,0.06445184621670524,0.07701469376305013,PGGZ2N8A
0.03487105769126371,0.9445660292702297,0.00738788083757887,0.01317503220092732,PHH1ERZG
0.008493412925256799,0.9868762508963899,0.00012003767876837132,0.004510298499586475,PM7CUC6D
0.02543220483253627,0.9598192743693174,0.00752609182557382,0.007222428972572149,PM8EMAGV
0.004466321942559576,0.9949208015512289,0.00014557655227585966,0.00046729995393555307,PRURL087
7.737545857334151e-05,0.9998962836173755,3.7692569339994358e-06,2.2571667118624676e-05,PT0X6CU5
0.3860355576632448,0.010371827562942278,0.013352420774039286,0.5902401939997759,PUVTNFYO
0.10470281450243273,0.8085130728694201,0.04094374359570277,0.04584036903244409,PYTVXEF9
0.2857425638454861,0.6682220531286127,0.020747717765156316,0.02528766526074448,PZ024QY0
0.025508917176304508,0.016414946364937823,0.019950381835177222,0.9381257546235798,Q4WRS0PQ
0.015486266803658033,0.977032013318152,0.0025769623159456806,0.004904757562244125,Q7OA0QNU
0.010619918237686137,0.9851913700500741,0.00108391612525325,0.0031047955869868376,QHA0QIDB
1.3632057720453477e-05,0.9999405967333346,4.294383393055525e-06,4.147682554849844e-05,QNVFKVPO
0.0009688841810284554,0.9984095979821798,0.00016122530075721438,0.0004602925360341406,QSI99X2N
0.13031459384629931,0.733482090819934,0.023664701277271088,0.11253861405649422,QTD01ME7
0.07948575648868227,0.797285853494167,0.06415031565338178,0.05907807436376541,QWEPGVLE
0.22041763341067291,0.5823665893271461,0.08352668213457079,0.11368909512761023,R5TQVK1E
0.032814182078432695,0.9488664340141171,0.0027301902943040915,0.015589193613146868,R7X390UC
0.9926183688127929,0.0003887897744098123,0.005780146112426249,0.0012126953003726171,RBDC9TXE
0.2935012694449265,0.64295348257608,0.03255967456547312,0.030985573413518732,RBJKAVC6
0.11355846937463963,0.7456976582866354,0.01202940913443921,0.12871446320428545,RBU7ND89
0.9802132688509843,0.005533031849347221,0.006724730964485972,0.007528968335184043,RMOUHSEU
0.0002072725517394792,0.9995966860124162,5.591006363573007e-05,0.00014013137220680538,RRFBVOW9
0.1821503649275714,0.687441109577806,0.026951661909251134,0.10345686358537295,RT2TOM8I
0.001932914837853207,0.9959088836326743,0.00032164296019382844,0.0018365585692792744,S3S91EPE
0.020261847688709086,0.9534864566211173,0.0017396451817426578,0.024512050508430302,S86OIM9K
0.9771347948394757,0.014799757319973933,0.003984480371958213,0.004080967468591988,SAPK1D54
0.00039322426123275945,0.9992393939619515,1.5005118144703179e-05,0.00035237665866963793,SC9WIG5M
0.2268018067439282,0.4674030125047689,0.13931961555299976,0.16647556519830362,SE85CBXL
0.43451783921184317,0.09678860199201414,0.4247924728908577,0.04390108590528479,SELKNMCN
0.16630452638490917,0.5488031864962383,0.08023731664114012,0.20465497047771233,SF4BGQSH
0.32275602875159337,0.09346189872392725,0.5683134274970647,0.01546864502741451,SKWI5DBU
0.002576860741870032,0.995770139915835,0.00042879753457885473,0.001224201807715693,SLAB1M8M
0.24103783464026035,0.7147519037650245,0.005094982323411325,0.03911527927130318,SN0Y3CB9
0.0037095659084116434,0.9946749362787787,5.8216230933319566e-05,0.0015572815818746992,SNVUHXY1
0.002576860741870032,0.995770139915835,0.00042879753457885625,0.001224201807715693,SQJTBF4L
0.32498235394257424,0.13049446538087067,0.004577868581654022,0.5399453120949009,SXWT5DIS
0.9931151839650612,0.0017938762152971415,0.004719814864226262,0.0003711249554152429,TC5Z7J76
0.9216999830610876,0.07043042384845925,0.004104858089206569,0.003764735001246892,TUI47XO3
0.16380841341462538,0.3699909004037546,0.4049644179283407,0.06123626825327827,UA7A354V
0.0015097384860164097,0.9974809142043775,4.6693637408649843e-05,0.0009626536721979676,UPST0OK2
0.1056349084608941,0.8727360510431328,0.0025111389871462046,0.019117901508825978,USO2MI7J
0.005751838957192564,0.9924614137971642,0.00039507389777155216,0.0013916733478716962,V0A2N0K5
0.07462210396117183,0.1200480037721163,0.6419768439359035,0.16335304833080885,V26UYHV9
0.932414067274493,0.003351390020405884,0.060703956495864984,0.0035305862092364242,VB7VFL75
0.0285133831154407,0.960189845604431,0.003726633202297097,0.007570138077831395,VIV8YU3K
0.8821192055326826,0.11390984697042092,0.0010300866147033632,0.00294086088219262,VLMY8JHQ
0.025457838377769094,0.9644559724009873,0.0033272805746411773,0.0067589086466019865,VT4U2VXD
0.0038571335451939924,0.9936686003411,0.0006418388575861971,0.001832427256119641,VUWHXYI6
0.0011070446860178846,0.9981828105598853,0.00018421563273481444,0.0005259291213624691,VVD03CXJ
0.03427857010194664,0.9622584322228482,0.0007443879660951214,0.002718609709111723,W2D2M625
0.038724172370612056,0.8970818906771989,0.030285959208122368,0.03390797774406706,WDYSQ3BP
0.10221843143980365,0.7235513227767179,0.03997223252798999,0.13425801325548806,WLI8IPM8
0.06267436374092292,0.9027094952136369,0.015742641507621988,0.018873499537817476,WOKOVI83
0.8850556816845955,0.02546972823838612,0.07542826078559774,0.014046329291420537,WVGL15DG
0.001640673517311566,0.9890430480119171,0.00044255816792202667,0.008873720302848801,X0016IPJ
0.9999641532034254,1.0936901007303534e-07,3.556249686532192e-05,1.749307004762664e-07,X2E196ZE
4.1645325455996746e-05,0.9999252882092687,8.609757971890646e-07,3.220548947718527e-05,X72WL59G
0.05972842541083679,0.8824839857070154,0.012654233016339868,0.045133355865807925,XDK01LYR
0.6637639487903982,0.05339137654819203,0.06489076023527976,0.21795391442612969,XLE74IX1
0.9917279122543331,0.00454689064680978,0.002915043501896168,0.0008101535969606136,XU4HGW9C
0.020954969193062545,0.965978958220277,0.0017991553263225443,0.011266917260335253,XUHRT8P4
0.3068869346682269,0.5272105170845592,0.03132224652502676,0.13458030172218566,XXMTEUX8
3.392777569081875e-05,0.9999644123418451,4.0714855245240975e-07,1.252733909261949e-06,XYRTMPGC
0.22041763341067291,0.5823665893271461,0.08352668213457079,0.11368909512761023,Y3QTMIO7
0.08172360262888076,0.7578879716365782,0.10040220634324026,0.059986219391299986,Y5S49JQ7
0.6352982574214852,0.3340092350723986,0.01057155794561423,0.020120949560500413,YAK9NY3K
0.25053324460149295,0.3224354639864892,0.09797032656581205,0.3290609648462072,YCHHQT18
0.10933403460209117,0.035178135972049274,0.05130572315907733,0.8041821062667804,YDIWQZA5
0.3239185819171763,0.574305736314385,0.02139312074315396,0.08038256102528349,YG9CPVR0
0.16941962650915035,0.15095250247560343,0.6625107243615874,0.017117146653657465,YIJ0CEQJ
0.0004930174149990968,0.9914746319843584,0.0002089041258864376,0.007823446474755235,YMT18ON6
0.004115635488548988,0.9551438397496568,0.0020490828913007474,0.038691441870492047,YNOCXCJN
0.00013265704997476386,0.9996164049620144,7.156629320740489e-05,0.0001793716948034246,YO2RYXV5
0.9856673255339987,0.0017713995070294918,0.010695160113344275,0.0018661148456272775,YSSD2IXK
0.14188908811182,0.7023487457994863,0.06845754555351544,0.08730462053517818,Z78UM6R8
0.22041763341067291,0.5823665893271461,0.08352668213457079,0.11368909512761023,Z9A6ACLK
0.16373728970366727,0.42145870949357944,0.12805802095275104,0.28674597985000383,ZDUOIGKN
0.5515686397807491,0.147937298282962,0.011945827812161936,0.2885482341241243,ZHQ60CCH
0.03690636366089481,0.023749184484444637,0.9005649480661349,0.03877950378852576,ZVIJMA4O
0.1056349084608939,0.8727360510431343,0.0025111389871462094,0.019117901508826012,ZYIFAY98
